Company,Daily_Inferences,Precision,per_pred_mj,Daily_Energy_GJ,Daily_Energy_kWh,Saving_vs_FP64_GJ,Saving_pct
Amazon,"1,000,000,000,000",FP64,1.89531425,1895.314,526.5,0.0,0.0
Amazon,"1,000,000,000,000",FP32,1.81276386,1812.764,503.5,82.55,4.36
Amazon,"1,000,000,000,000",FP16,2.68793427,2687.934,746.6,-792.62,-41.82
Amazon,"1,000,000,000,000",BF16,1.92586683,1925.867,535.0,-30.553,-1.61
Alibaba,"864,000,000,000",FP64,1.89531425,1637.552,454.9,0.0,0.0
Alibaba,"864,000,000,000",FP32,1.81276386,1566.228,435.1,71.324,4.36
Alibaba,"864,000,000,000",FP16,2.68793427,2322.375,645.1,-684.824,-41.82
Alibaba,"864,000,000,000",BF16,1.92586683,1663.949,462.2,-26.397,-1.61
